observationId,predictions
4100090298,2239 9 2377 944 1091 1605 2338 1424 728 1698
4100093119,1064 320 1634 1069 1719 996 249 377 1011 2260
4100093137,2027 1919 139 2026 946 2376 746 196 2404 1382
4100093195,578 640 612 65 1744 681 671 1316 2075 1624
4100096291,1918 62 671 1916 1738 1300 578 2211 1548 2169
4100096299,663 578 274 1316 672 639 1218 681 1624 1796
4100096392,626 1333 1330 606 1507 1264 1310 641 1309 1804
4100096393,1549 291 644 1803 2308 643 2267 671 218 1095
4100096438,224 946 1177 40 1059 38 253 1422 653 1646
4100096459,1525 1522 1528 1212 1209 1527 1526 1210 1524 1211
4100096525,2377 2239 1091 2025 1427 1605 1267 2160 1062 1488
4100096626,2377 82 81 2239 83 861 616 1328 377 1605
4100096719,678 2169 1834 2213 677 2211 1467 1624 1500 2285
4100096874,382 1327 2025 1091 1271 219 1909 1330 72 74
4100096876,1432 1162 391 711 1075 1076 2175 847 2383 30
4100096885,722 1697 640 263 219 928 1333 1353 846 1026
4100097057,1178 31 929 1858 1326 1091 2065 1513 75 1357
4100097093,846 671 1738 1918 663 704 1795 62 612 2293
4100097134,615 178 1622 1486 250 1032 2159 1550 438 977
4100097155,1091 1915 1271 98 1326 1327 1330 1423 1161 1318
4100097236,578 612 1624 2125 1508 2075 1738 1744 687 1700
4100097247,714 2160 1706 641 1637 1322 606 373 1333 728
4100097287,846 1918 712 926 62 928 1398 143 1 1693
4100097695,360 696 2377 2239 1357 2092 1488 9 1695 1692
4100097758,687 846 2125 638 1696 1918 1355 62 274 578
4100097835,100 1032 1030 1551 440 1553 2354 1365 141 2112
4100097909,143 2125 1738 846 928 2383 712 1696 2295 62
4100098016,1076 2393 2272 1429 1549 1713 1173 1553 1711 2211
4100098127,845 1162 2401 25 1400 1909 847 1979 382 265
4100098156,2239 2377 2338 360 1328 2065 714 2378 1326 1691
4100098185,579 1834 677 2121 977 330 1495 1500 880 1394
4100098235,654 599 253 1066 653 1177 1182 39 624 1837
4100098262,1326 623 2090 1702 1091 1220 2156 2092 9 2034
4100098270,1505 1504 1095 1392 1297 1503 1856 1514 1074 1980
4100098273,2234 1228 2235 27 1488 2201 1702 913 806 809
4100098334,2426 2249 1205 445 1654 930 1919 815 2183 2425
4100098534,2041 2291 638 1477 2039 634 1986 1216 129 2038
4100098542,1205 164 815 2425 2426 2249 2247 1306 1304 1654
4100098646,1525 1209 1212 1528 1522 1527 1526 1524 182 1211
4100098649,1662 291 1954 2104 1664 846 105 69 2106 1665
4100098746,641 714 1637 97 1327 1333 1330 1638 1326 2161
4100098751,1542 2394 2389 884 1777 1436 1507 2112 913 843
4100098911,2168 138 1553 1549 1504 290 250 1621 1030 1622
4100098939,846 2125 926 1918 714 2295 1739 373 1323 2075
4100098964,1549 2271 64 1625 2210 1495 846 2351 2211 1697
4100099089,1738 287 1795 2075 578 722 1945 196 143 350
4100099148,64 663 580 711 2211 1834 677 69 2295 846
4100099205,2075 846 613 1739 712 640 612 1738 1744 1503
4100099234,1624 143 274 578 1738 608 612 1796 928 663
4100099324,1746 1091 75 373 2092 308 1398 1326 65 640
4100099350,1796 1096 274 640 1744 1280 663 956 1955 1624
4100099485,1400 265 279 2089 1650 2104 1398 927 391 1465
4100099900,9 2239 2377 360 1430 728 1371 944 2338 1639
4100099950,1400 380 2295 1739 613 1856 1738 1317 1351 577
4100100066,1768 1087 2257 393 129 2038 285 1702 1695 1778
4100100106,62 143 1624 578 1100 274 1696 2125 877 640
4100100116,1549 1622 1836 1261 1844 250 2271 2250 224 1550
4100100146,2075 62 846 712 1320 1918 640 1739 926 687
4100100235,1624 1626 1549 318 1353 1622 2351 2168 114 1555
4100100236,1322 80 714 1706 1091 1328 877 2201 1062 821
4100100271,1738 62 143 613 2125 640 578 608 274 712
4100100278,43 1916 1263 117 1984 1231 1980 1797 1384 1495
4100100374,1276 1436 205 1507 688 1660 29 2406 674 8
4100100450,1062 1637 1332 1837 1322 209 2160 1484 320 641
4100100566,714 1333 1330 640 1091 641 1638 626 1327 1329
4100100586,1030 66 40 1261 1546 38 1380 305 615 352
4100100670,1725 278 1576 1488 2113 389 2137 1717 977 1702
4100100844,641 714 626 1332 1330 606 2160 1091 1706 1327
4100100913,1300 2209 686 589 1515 2211 2068 2177 1383 2067
4100101002,62 2026 1738 1549 1646 671 1918 1552 1545 612
4100101005,746 846 1657 2027 1918 580 62 183 1738 1317
4100101043,623 75 1091 1357 2050 2239 1322 1422 2093 1423
4100101203,660 1486 1380 392 2168 1032 438 1650 1029 1301
4100101254,1297 291 138 289 311 1853 1799 1 1502 1737
4100101255,1650 1491 688 2406 1301 977 278 1649 221 2306
4100101366,1228 2234 2235 27 814 2201 2239 32 1326 1570
4100101375,124 2041 2261 1216 2257 128 436 2034 2291 1217
4100101496,583 675 1418 1472 584 1094 1638 1180 186 1950
4100101505,615 1179 66 1433 2292 1214 1622 1448 1459 1173
4100101581,2406 1736 1693 2089 31 29 928 37 2342 2288
4100101664,1834 677 678 579 30 1355 1868 2293 1352 1500
4100101841,2229 2244 1701 1727 330 2220 2243 284 157 1394
4100101953,1024 2120 1500 2081 2285 1436 674 445 977 877
4100101985,956 1624 62 1795 663 612 949 682 196 274
4100102019,1392 846 143 1918 604 1495 2173 638 746 1316
4100102032,1400 1301 1162 2168 927 392 1963 2401 847 845
4100102043,929 1736 1309 1267 2065 2092 9 72 1062 1266
4100102074,9 929 1736 2124 382 2065 1267 2 888 1911
4100102077,62 663 143 613 64 274 712 687 1696 578
4100102094,143 64 846 274 682 1738 2125 62 1697 608
4100102158,2239 9 360 1328 1073 1430 2386 728 944 1495
4100102167,64 846 274 2351 687 143 1696 62 1918 681
4100102201,663 1316 143 62 682 64 578 274 1796 681
4100102238,2045 1780 1484 351 1696 129 727 638 1988 2334
4100102243,578 2125 1696 1624 956 613 274 846 1508 711
4100102263,1429 1646 2264 1433 1556 2168 66 1065 246 2421
4100102285,1696 1738 640 1918 1398 373 613 712 663 722
4100102286,744 1905 1266 310 2401 1915 1987 1736 1320 2075
4100102290,1744 1961 1738 640 143 1353 671 612 62 2125
4100102300,1744 62 143 612 1738 65 671 2028 1918 578
4100102313,1091 714 1062 944 1271 92 1322 360 9 2065
4100102330,1545 318 2272 1624 1509 2351 1548 1556 372 2211
4100102464,1496 1556 1076 269 1442 660 1545 1552 1549 137
4100102558,1459 804 1142 1983 1259 1819 1761 1384 760 1826
4100102708,929 70 1736 137 1398 114 1693 1953 132 2169
4100102717,2377 82 2239 81 2201 944 377 814 696 1374
4100102763,2090 1091 957 1264 1398 1330 1324 626 647 98
4100102902,62 143 1744 663 677 578 671 1638 678 640
4100102925,1918 672 2211 64 1737 143 2351 639 663 1625
4100103021,651 877 649 652 875 897 1657 2204 876 1789
4100103068,593 1002 2259 589 591 1001 1710 595 388 594
4100103136,1696 746 274 663 1379 143 1495 2209 1382 1585
4100103167,143 846 677 1218 62 1316 604 11 1638 1624
4100103211,373 1398 2403 98 1327 2090 1329 219 1739 626
4100103271,1069 1061 1059 1065 1060 2188 362 34 441 581
4100103379,1018 1016 1485 1020 1458 2295 183 1173 419 692
4100103391,352 1261 2168 660 392 927 126 1646 66 1429
4100103403,1619 977 2285 2393 2121 738 1486 1276 2426 1032
4100103428,15 1579 13 414 48 1850 1386 1802 1277 16
4100103468,1594 1596 882 742 1966 1992 871 2201 1063 1543
4100103514,626 1414 728 328 38 2065 1956 641 1858 866
4100103536,956 274 318 1624 238 1489 2118 288 1638 939
4100103558,382 1264 1403 1334 2288 1268 1318 1909 1915 1913
4100103640,1777 2039 2036 2257 2137 1300 1973 2048 128 440
4100103658,256 1261 1413 1428 1646 1030 326 1028 1554 1415
4100103826,846 1398 2119 1696 1693 926 1400 1320 2403 712
4100103834,143 846 1961 926 580 2125 1744 1096 1390 64
4100103858,1091 292 1739 2090 1915 1271 1879 1327 1423 1324
4100103980,728 2239 9 2377 1488 1271 944 1091 1956 1370
4100104007,384 1803 679 1467 2148 2203 392 2264 1300 2393
4100104070,2135 640 1738 196 1693 145 846 2092 1744 143
4100104127,578 143 1353 1738 62 663 846 612 640 1744
4100104132,578 62 143 1738 1918 846 64 663 671 1598
4100104174,62 613 143 850 1738 1744 877 1696 1319 640
4100104225,846 62 143 1918 64 926 1696 1739 712 2210
4100104258,143 1738 846 640 612 2125 1503 1744 1739 64
4100104360,104 1713 2267 1172 2268 255 1710 1173 1158 1803
4100104386,2239 9 728 2377 1430 360 98 1837 1371 944
4100104419,1322 714 1091 1706 1426 1475 2201 1472 1377 641
4100104434,1552 1545 1622 880 1548 1522 321 940 2144 1549
4100104436,641 714 1327 626 373 2160 728 1332 1616 1333
4100104512,437 124 2291 439 440 217 2038 2257 1216 307
4100104518,138 2393 2112 1549 2421 2383 1548 1834 1902 1855
4100104551,1526 1212 1522 1528 1527 1524 1525 1210 182 1521
4100104620,291 289 2271 100 1054 2267 579 711 1496 2393
4100104630,43 1916 1263 1984 2134 117 1495 70 2163 2424
4100104647,1172 239 1173 1655 2294 946 1065 2181 372 1089
4100104748,1336 1300 2054 604 1984 2211 2241 883 168 300
4100104867,1333 1605 626 75 9 1091 1442 1534 1691 1330
4100104875,1373 1892 1886 2378 1874 2368 379 1873 1372 1616
4100104892,95 1473 1094 808 2165 598 2123 153 2158 2116
4100104918,2356 1893 935 1870 1611 812 1869 1887 1023 2359
4100104998,1430 98 1608 1371 1326 2239 9 1091 728 1327
4100105008,1373 1886 1874 390 1775 318 1377 379 1372 2113
4100105316,1447 2110 1594 877 1633 1036 2111 1099 651 2051
4100105347,928 2264 2203 679 694 2211 1207 2351 62 1351
4100105369,1739 1423 196 98 640 75 2125 685 1514 143
4100105385,391 1503 1320 1803 2267 291 1297 2175 926 1105
4100105635,2144 880 2044 2352 1159 321 1783 2169 1635 1467
4100105664,1172 1173 1214 2272 2294 1433 321 261 1788 1784
4100105680,2239 9 1430 2377 728 1879 944 1488 1605 2378
4100105771,1064 320 319 1437 1011 2257 249 124 1206 80
4100105795,78 1020 1392 1785 2069 2241 604 2071 629 276
4100105810,0 718 1526 209 284 2067 896 174 182 1634
4100105866,641 1332 714 1706 606 2160 1333 1637 1327 626
4100105913,1869 1611 811 833 1892 1887 810 1771 706 1376
4100105968,267 151 872 871 1785 266 1653 2189 1517 1784
4100106312,96 2342 1310 1333 1736 1634 1698 1604 1091 1693
4100106345,98 1091 1271 1326 1693 685 9 2025 1266 1423
4100106350,1705 1364 276 898 705 2273 243 1735 1841 176
4100106377,196 746 1918 1508 1696 62 846 1316 1795 2295
4100106457,2026 2264 593 2027 928 1549 946 1429 213 2029
4100106530,239 1556 1784 1834 1622 949 149 318 2352 1548
4100106600,339 2241 1519 2383 1382 240 2398 1916 1984 70
4100106651,1172 2294 1173 1065 1214 250 1622 2181 1177 946
4100106683,1263 1916 1984 43 1231 117 1384 1229 2163 62
4100106721,328 1178 1424 1026 715 1912 253 653 1175 1106
4100106759,117 1263 1495 1797 1645 43 1953 949 1231 1784
4100106769,687 694 642 274 1495 1918 1625 681 62 639
4100106797,1316 846 1503 746 1856 1400 926 265 1317 1918
4100107315,2377 2239 2338 944 360 1371 9 728 1488 2379
4100107343,143 640 1697 2135 681 1398 603 682 685 2403
4100107373,187 2079 95 286 1948 1707 383 2158 288 1945
4100107378,2239 1430 944 728 2377 9 1427 809 866 1091
4100107429,1638 373 1105 1392 979 1496 1398 1162 1470 1329
4100107434,143 640 1696 1398 1953 1091 373 274 926 1316
4100107675,604 2241 1918 1553 168 70 1306 578 1300 1979
4100107680,2388 1618 1519 1231 1518 1984 1230 1520 1586 2424
4100107718,1638 2392 1473 2205 721 1878 1374 1416 2116 2084
4100107730,1276 688 205 1436 1507 1650 382 913 674 2394
4100107759,626 1327 1309 861 1271 1333 92 641 119 1326
4100107769,219 1400 1091 373 1266 98 1423 382 75 2049
4100107774,164 2425 181 815 1919 334 2426 1205 1654 343
4100107929,1903 1415 1913 1422 1428 114 1987 1963 1400 1301
4100107931,1892 1373 1886 1371 1896 2368 1367 1880 1611 2392
4100107968,382 1905 2025 303 1301 1693 304 1709 2124 1909
4100108317,1739 1398 143 685 926 2075 726 1320 613 640
4100108336,2272 2211 291 321 2393 1214 1433 2352 2267 318
4100108358,2090 626 1091 1326 1264 1324 292 1330 1608 373
4100108362,1637 714 1956 809 859 1880 641 2372 2160 1332
4100108371,2377 82 1438 319 1966 2201 9 2239 1695 81
4100108380,746 1055 1095 1505 265 183 652 846 1503 62
4100108454,9 2239 360 814 1430 1427 2377 2338 944 1091
4100108575,9 2338 1267 1091 2342 1692 2065 622 2092 1513
4100108666,578 612 2125 143 1316 1738 62 681 672 1624
4100108711,70 211 2177 1980 170 1795 301 2209 1515 1784
4100108781,1892 1871 379 2392 1416 1944 809 1774 1946 1371
4100108801,2351 687 1439 2211 1076 1918 1300 2241 2352 70
4100108855,1869 811 1887 810 2363 1771 833 812 1896 1893
4100108952,1612 1615 1946 2392 1880 1896 1773 2363 833 1938
4100108963,137 269 2119 704 1439 1022 681 70 1442 2351
4100109352,62 578 1496 684 1091 1055 671 2075 577 1638
4100109361,1322 1332 1475 714 1472 1331 2160 2028 1328 721
4100109385,846 1398 1918 1696 1693 1400 1697 926 2403 62
4100109397,2211 1549 1803 384 2264 1298 2271 1300 1556 2393
4100109398,714 641 1327 2160 1637 373 1332 1091 1333 119
4100109527,29 653 675 654 253 101 866 1271 209 1175
4100109554,2136 1262 876 272 885 875 295 1971 87 68
4100109577,703 939 701 2189 1794 274 1154 276 115 30
4100109596,351 2352 1300 1355 1797 1696 1953 2144 2045 684
4100109620,1618 2388 1520 1518 1519 1258 1230 1231 1617 1680
4100109634,1777 2137 1780 1902 2313 2394 1507 1276 2262 12
4100109656,2212 928 2211 880 1323 1545 1509 2404 2271 1405
4100109677,1918 1398 846 1905 2351 613 2162 1320 62 1316
4100109744,687 43 70 846 1439 1980 1105 1398 1696 926
4100109755,707 1094 835 731 2116 733 95 727 1473 288
4100109776,70 1953 1916 44 211 302 117 1979 960 1795
4100109778,1404 175 1419 1257 1519 1259 1984 2241 1238 1518
4100109829,1300 300 2177 1336 168 2054 321 2241 880 302
4100109846,1892 1880 2368 2371 2372 1373 1900 1742 1886 2363
4100109874,1892 2368 1373 1900 2378 1703 1616 1371 373 1945
4100110348,928 612 681 1316 62 143 846 1696 1918 640
4100110426,612 578 640 143 2125 712 2075 928 373 1744
4100110484,2028 196 62 1738 612 1624 684 1533 2374 640
4100110561,1696 143 1918 2054 873 62 1506 578 2293 678
4100110597,580 1010 1394 330 1352 1276 688 303 1835 1834
4100110654,1172 321 300 923 268 1528 1788 1336 1784 2272
4100110682,1618 2388 1520 1519 1518 1231 1230 2134 1680 324
4100110742,373 1327 606 2135 712 861 641 1915 1398 1624
4100110743,2205 2084 286 807 1945 837 839 2079 1769 1743
4100110755,2212 928 1509 947 2213 2271 139 1918 644 846
4100110833,268 302 211 301 297 859 339 949 167 861
4100110887,1172 321 923 239 1024 300 2294 241 1619 1173
4100110987,1515 268 1652 1055 70 2424 2209 1784 266 1384
4100111460,1796 2393 2211 138 1847 143 1549 2383 663 392
4100111493,1918 62 928 577 1485 2295 578 846 663 2212
4100111542,1549 1646 1429 1261 126 1076 1030 946 1075 309
4100111543,687 274 1737 1795 1439 2352 1635 1355 12 956
4100111590,1276 62 1918 682 642 304 1316 2405 1360 640
4100111612,1267 626 1330 1327 2065 31 329 1608 1174 1414
4100111644,1310 721 374 1472 2045 1781 1332 738 1605 1771
4100111660,2104 2315 1853 2246 1505 1072 2317 2319 1301 191
4100111692,1366 913 1491 1696 1691 43 70 1698 1438 1440
4100111702,1327 98 1746 1330 133 135 1430 2124 308 75
4100111739,1515 1384 240 1657 1971 1225 1020 1652 1102 1561
4100111746,654 305 1837 2270 624 599 1180 1422 1066 1177
4100111890,885 1789 2134 746 1657 1099 43 2335 1984 87
4100111895,336 343 333 342 340 335 337 332 334 1566
4169757343,2368 1703 1874 1373 1892 1371 2378 1900 2365 1880
4169757369,466 1492 1539 1833 1127 528 1686 1171 370 1569
4169757430,254 1422 599 2030 1177 1060 1065 1261 653 326
4169757432,164 342 344 2151 345 1512 332 1592 334 1259
4169757451,626 1318 1264 1915 2090 1178 1608 1330 1694 2050
4169757468,1373 2368 1892 1886 1874 1367 1900 390 1889 1371
4169757495,1178 2092 31 623 1091 93 97 685 1991 75
4169757541,707 1776 379 1474 2356 2359 2392 838 706 833
4169757583,811 810 133 1896 807 2370 1945 1611 1877 2365
4169757597,2117 2201 2377 82 824 81 83 1871 80 1409
4169757616,1871 1775 1869 1872 379 2370 1937 2392 730 2085
4169757650,2392 707 1871 1875 2084 2361 136 1944 1941 2360
4169757653,379 1885 1895 1877 1880 2360 1933 1373 2363 2085
4169757664,1264 2065 382 1327 219 710 98 816 1608 888
4169757736,832 931 809 934 833 1371 1892 1938 1373 1900
4169757766,1776 1946 1772 833 936 836 822 932 821 1943
4169757781,1775 1774 700 932 1876 841 1704 823 2364 733
4169757793,373 1746 2403 1694 1693 1703 1009 2 1423 1269
4169757819,1640 892 891 1865 1081 1972 401 890 552 507
4169757847,932 1769 1704 837 2371 822 827 1774 830 807
4169758230,1761 786 788 1389 1569 112 758 789 764 1841
4169758276,1704 1774 1377 1897 1938 1871 830 1776 937 1620
4169758332,1491 660 2089 1439 1650 1301 352 615 638 2094
4169758364,382 1650 1266 2119 1913 1905 121 1909 107 1491
4169758396,274 1797 663 1796 143 1316 682 2293 62 746
4169758408,352 1650 1736 1491 1468 845 926 1693 1918 660
4169758431,1266 1264 1915 2025 1271 1318 1913 2288 1709 1442
4169758504,1771 833 1869 1772 1887 931 811 1773 1615 1942
4169758554,2241 1355 1553 1495 168 1392 2163 167 2211 1545
4169758588,1869 1416 2370 1937 1887 2085 315 1872 1871 1775
4169758637,1768 2033 2048 285 659 347 1974 1087 2109 2046
4169758647,100 2354 2088 1024 1551 660 2168 738 2089 1243
4169758665,1179 1182 261 257 1175 654 1181 1030 1551 1031
4169758671,854 1475 1376 1396 853 907 2238 1896 1893 1887
4169758683,1412 1407 2201 2357 2202 1409 1411 2117 1408 80
4169758716,1373 1886 2363 1900 1611 1892 379 1612 1874 2370
4169758758,392 1380 265 1976 257 1600 1429 1223 1649 1650
4169758856,261 986 987 2347 1380 738 989 1448 1839 1634
4169758874,1512 164 1921 2425 1922 1920 345 332 32 2426
4169758880,1396 1614 854 809 332 2359 1512 1575 1008 433
4169758946,1637 378 2384 2160 82 1472 674 1484 685 1332
4169758947,1328 623 1484 11 603 1062 93 2125 1542 1575
4169758996,1821 786 858 1750 760 404 788 765 78 423
4169759041,82 2377 81 83 2117 80 2201 696 1695 319
4169759176,1512 344 345 164 341 102 332 333 1922 1259
4169759350,1918 62 926 722 681 846 663 1316 264 612
4169759408,322 324 1653 354 323 1231 1543 873 267 2400
4169759468,1938 1771 720 932 1772 1273 1612 1474 1891 1770
4169759478,1892 1373 1774 2368 1616 1896 1900 2392 1894 1371
4169759479,1880 1612 1887 1774 1876 379 730 2238 2366 1871
4169759566,1786 2113 1215 591 1501 1001 2155 1726 1158 1711
4169759599,811 379 1887 1892 1873 1877 1771 2085 1372 2084
4169759624,1650 851 660 352 121 137 744 661 2409 680
4169759675,2392 1933 1774 286 1872 379 1616 1938 1871 2368
4169759682,2363 2359 1871 1023 807 1614 1896 1880 1611 1873
4169759706,1746 382 59 1398 647 72 1264 2065 1327 1265
4169759727,1484 1637 2119 2076 603 2160 2384 714 378 2055
4169759772,837 822 820 828 843 1775 1776 602 807 838
4169759846,1646 291 1556 1504 2271 1505 2267 1549 1297 1059
4169759880,832 1296 931 822 819 932 1769 936 1775 843
4169759902,328 1554 1428 668 2286 929 2341 2354 1911 2091
4169759960,2371 937 1575 1776 2368 2365 843 204 1900 1773
4169760342,1837 654 1174 599 626 1267 1427 1332 2125 1333
4169760374,9 1091 1423 29 1178 685 623 2091 283 1729
4169760431,2184 621 1376 2359 1869 2201 1893 1614 1396 81
4169760432,2241 604 1495 2422 2335 64 1737 1300 1302 300
4169760487,393 1768 1087 1779 1778 2048 1702 346 163 2257
4169760516,379 1942 2085 1776 932 1939 1871 1943 1869 1948
4169760582,1172 1173 300 1214 301 2294 239 1433 1548 1024
4169760601,838 839 707 827 837 379 831 1933 807 2085
4169760608,854 852 811 1475 379 2084 1896 1937 1878 1871
4169760615,2352 1305 239 1306 1233 1792 949 1157 274 1214
4169760628,2189 703 1654 2426 939 815 2249 701 1205 1306
4169760659,832 1772 1296 1776 2392 934 931 1937 833 1707
4169760749,1896 2363 1871 2238 1946 2365 1880 812 2370 821
4169760898,1915 1398 1091 1318 926 219 695 107 710 2382
4169760990,1663 42 863 1854 597 195 2415 2387 646 2176
4169761279,772 775 796 788 781 794 759 655 559 768
4169761347,1800 2356 2368 1880 2392 935 2359 931 1901 1872
4169761364,1918 62 846 663 671 578 1316 722 926 143
4169761426,1322 1706 2238 1328 1475 714 2160 2371 1062 2359
4169761457,2193 2135 612 1738 62 2092 606 640 578 1398
4169761550,1264 74 2025 1318 121 1909 1268 382 1913 1915
4169761562,379 807 1373 1871 318 1880 38 352 1774 1885
4169761576,1480 1479 2130 2255 1841 2086 1562 1481 970 2053
4169761590,827 824 837 820 839 1416 822 834 833 844
4169761631,329 328 1912 1906 1266 1414 2065 1913 715 1729
4169761637,32 344 1922 164 2374 1920 1512 2425 343 2376
4169761645,933 1615 935 833 931 1376 934 1575 1776 2358
4169761699,390 2368 1367 1874 1703 1889 944 1886 1371 1944
4169761709,831 837 819 822 839 820 932 1704 1772 832
4169761791,1775 822 1704 1776 837 831 2392 379 934 932
4169761830,311 2188 2203 627 1069 1750 1182 1537 2266 261
4169761880,2417 1994 2024 2171 1043 215 564 162 223 160
4169761923,721 1472 628 1489 2143 1418 1908 2165 1094 727
4169761926,81 82 80 2377 2201 2117 83 1412 2369 2239
4169762025,2238 1884 2365 1430 2377 2372 1900 1396 81 1043
4169762101,1418 287 1489 628 808 1939 1106 721 1472 2143
4169762111,1469 1093 2136 1092 1262 1034 1035 876 330 620
4169762335,1871 1774 831 2363 1615 1616 1892 807 1896 2392
4169762352,62 663 640 1263 143 43 682 1916 2210 196
4169762364,1438 9 2377 2239 1605 1091 1325 1695 360 1966
4169762392,1771 1938 833 810 1772 811 1611 935 1273 937
4169762395,2368 1371 1892 1367 1939 1945 287 1573 390 1373
4169762405,944 2368 1884 1367 1892 1874 2378 390 2377 1900
4169762414,1871 2392 1892 1869 1896 807 1943 834 1611 1878
4169762467,2184 621 1869 1376 1893 2201 1396 1614 1888 1023
4169762481,2184 621 2236 1376 2201 172 2117 1396 2366 1770
4169762485,1422 2287 1424 2345 1903 328 1607 1067 668 2341
4169762513,1400 392 726 846 311 143 2125 1856 1320 274
4169762549,1906 1266 2287 1271 382 1264 1910 1915 1327 1905
4169762586,1937 1772 1776 1775 1474 2392 1740 932 2123 1871
4169762654,2085 1877 1933 379 1875 1876 1772 1939 1771 931
4169762673,2377 82 81 1438 1709 2179 1966 1276 1595 80
4169762684,1877 1875 1894 379 1876 2085 811 1885 1616 2365
4169762689,822 1769 2185 185 936 707 2123 837 824 733
4169762739,1404 1024 1393 873 2044 851 163 701 141 192
4169762930,602 707 833 1771 598 1378 835 2392 2085 1875
4169762936,714 2160 1507 1947 1009 97 2119 1804 1637 1774
4169762957,785 786 1041 749 856 788 760 748 1750 1199
4169763029,2365 2367 1880 2392 1412 2373 1407 2201 1872 1411
4169763064,2357 1615 1870 1396 1575 1887 2356 1611 809 1869
4169763144,510 954 950 955 160 952 1681 225 564 478
4169763341,70 302 2177 2054 300 268 211 2163 717 1226
4169763410,712 1739 926 1398 1915 681 219 1316 1218 2293
4169763465,2351 604 1300 2241 1495 1432 1316 2352 2293 1355
4169763504,1869 2366 812 1893 2079 1023 2202 187 1887 1374
4169763521,1871 1880 1878 2392 837 1944 1892 839 1872 809
4169763587,2273 985 1481 1538 2295 616 1441 355 1629 424
4169763603,1894 807 379 1876 1892 1612 1877 2392 1870 1880
4169763628,1306 2352 815 1154 115 1305 2169 1990 2426 1304
4169763640,1412 2357 1411 1407 1409 2358 1614 1371 81 2273
4169763772,1592 345 2107 341 334 1512 346 338 1591 1511
4169763813,822 2185 843 828 934 932 824 935 1776 807
4169763901,344 32 2425 1922 164 2374 1512 1921 1919 1601
4169763948,2359 1023 1773 2363 720 2201 346 821 2356 1615
4169764101,759 1763 755 772 417 2330 1684 1811 2326 768
4169764199,1750 1610 856 1821 786 910 1199 1041 972 2289
4169764368,1373 1892 2368 1900 1871 1616 1886 1367 1880 1873
4169764373,745 1396 2363 1742 1869 1408 1376 1411 1614 720
4169764380,2389 2193 2124 2403 712 1909 11 1484 1838 1489
4169764427,1615 935 937 844 1900 1773 2371 831 1597 2356
4169764445,942 1433 1214 2168 1844 1553 1435 1836 1550 1651
4169764498,1869 1611 1892 1376 833 602 853 1887 2392 1771
4169764500,1892 2368 1900 1703 2392 1616 1373 1944 1880 1871
4169764540,639 2351 1635 1548 1549 64 687 2393 1439 321
4169764577,1871 1896 1611 1870 1615 833 937 720 807 1938
4169764589,671 687 663 2293 1737 1918 2119 1635 1700 578
4169764597,1486 1553 1551 2112 660 2168 1619 923 1650 1365
4169764600,2189 939 703 1154 1205 871 701 947 1785 217
4169764634,880 2211 2212 1548 1467 2213 1834 678 1500 686
4169764635,1322 1091 1329 2193 696 2160 816 2135 1327 1328
4169764714,839 837 820 834 819 2079 2084 822 1374 2392
4169764755,2205 2392 1743 1416 1878 1871 707 1945 2084 837
4169764772,1776 833 1704 1772 1436 436 123 1619 251 824
4169764780,414 434 420 415 2321 1580 422 1456 2330 423
4169764914,1264 329 2025 1915 59 1403 1334 1266 76 2065
4169764986,81 82 2377 80 2117 2201 83 1884 319 1412
4169765059,81 82 83 80 2377 2201 2117 1695 696 1412
4169765089,1704 2365 837 2367 831 839 2370 1372 1896 823
4169765107,2303 1565 1965 314 651 2051 2302 434 199 925
4169765171,955 510 1681 950 954 2199 225 448 1822 951
4169765508,765 756 789 759 779 774 1124 796 1684 803
4169765521,1050 2017 2022 2002 1668 2281 973 2009 1038 2000
4169766375,932 1776 843 936 1619 1769 1660 123 205 1276
4169766426,865 1084 1270 1727 2387 979 2122 191 293 262
4169768390,932 822 1776 1772 379 1474 844 836 1770 2123
4169768592,1052 2011 2023 1194 961 19 2012 2013 1388 503
4169769331,425 431 413 420 1768 2323 435 658 285 2041
4169770347,2201 2391 82 81 1695 696 1871 824 2377 837
4169770368,346 342 854 852 1212 345 853 2107 1308 1521
4169770398,2085 1775 1948 1474 1933 379 1943 1945 286 934
4169770403,1740 932 1775 1474 936 843 1941 822 1943 838
4169770500,1043 2130 1510 1042 315 1209 1633 1212 1735 412
4169770567,819 837 2116 839 822 936 838 61 833 1776
4169770608,2012 2000 2002 2008 2011 2024 2022 2020 2013 2003
4169770641,1850 1849 2016 780 1114 1848 48 1295 1113 1128
4169771347,19 15 13 1052 961 50 1277 55 313 1968
4169771365,2122 2269 1502 2120 2232 295 2285 1499 1701 1270
4169771538,1145 1672 453 517 1294 520 553 550 461 1144
4169772337,2417 2171 1994 223 161 540 177 229 461 524
4169772443,781 792 775 764 759 772 409 794 655 769
4169772523,1999 2192 2014 2276 1782 2015 2279 2023 1019 1203
4465860441,2275 1049 488 1346 801 2282 2274 1119 2190 783
4465860473,2359 2356 2238 821 2201 1773 1615 1878 1023 1274
4465860505,182 2067 164 1526 2068 1785 345 1922 1921 1527
4465860565,792 781 759 772 775 794 763 769 789 764
4465860584,307 124 1932 1633 437 1648 2291 1510 439 306
4465860721,1850 1149 1851 1849 1134 1848 49 1128 2016 1110
4465860865,1618 1231 2388 1520 1518 1519 1233 1230 1680 1237
4465860866,1618 1231 2388 1518 2134 1230 1520 1519 1984 1916
4465860933,2056 2057 2064 2058 2063 2061 2130 1397 1510 2060
4465860965,1877 1573 2085 2078 1935 95 1945 2158 1489 1775
4465861007,487 540 524 461 2199 161 498 539 1643 1822
4465861206,1776 932 937 1296 379 1474 934 61 1772 2085
4465861336,1836 1545 1552 2295 679 1737 689 2203 708 62
4465861372,934 1776 828 1772 932 837 931 822 379 807
4465861440,1112 1119 370 1049 364 1255 482 748 1345 2190
4465861606,1134 1851 1850 1133 1998 303 1849 713 1144 48
4465861735,866 305 2344 91 1222 443 283 171 1513 347
4465861756,582 2153 1978 1212 1526 1002 1521 1061 441 1064
4465861868,347 425 1087 2048 285 1404 2395 2040 381 351
4465862149,811 833 1771 1869 379 2085 1937 932 1776 1416
4465862167,228 236 1676 451 1200 474 448 573 461 1673
4465862207,934 1776 932 379 931 1774 807 828 1772 822
4465862365,1773 931 2363 1475 2365 1575 1416 827 1615 1938
4465862653,414 1848 2321 1850 1456 415 1580 1153 2329 408
4465862743,1295 961 1346 1670 546 2280 1253 13 627 2023
4465862980,461 506 2199 229 533 459 540 2417 223 161
4465863026,2020 2019 2002 2008 2021 2010 2022 2024 2013 1996
4465863259,2299 176 602 1056 1563 834 1564 1094 1104 707
4465863262,828 934 822 2185 1378 843 1772 1375 185 1769
4465863298,820 837 822 844 839 835 1770 707 819 185
4465863347,1906 1729 328 1911 1905 1442 1913 1318 329 1909
4465863350,1649 242 1713 387 1240 675 594 584 1208 977
4465863369,46 1128 45 48 1285 1998 2017 2016 2011 50
4465863377,1776 932 1772 833 1771 822 827 1474 379 931
4465863391,2370 1887 2238 1870 1900 1896 1893 1869 1611 2368
4465863392,1850 1849 1851 2016 1145 2011 1120 1291 1118 1119
4465863400,2222 2225 1100 193 2120 318 1005 216 1054 2252
4465863527,413 425 992 420 435 1361 2327 418 431 184
4465863876,2268 2267 1158 104 257 1297 1036 66 1803 941
4465864143,161 524 461 228 2199 950 510 448 558 1681
4465864334,1918 846 1696 746 62 578 681 672 1738 928
4465864363,172 1900 1614 2365 809 174 2377 1711 675 819
4465864413,2028 1988 1837 1711 387 2204 1803 1713 105 1011
4465864514,329 326 1174 1176 1030 654 40 328 653 1554
4465864530,2361 286 1296 2392 1871 707 936 1875 1943 930
4465864676,792 781 759 775 772 769 763 596 2126 794
4465864689,449 543 571 496 487 1129 557 553 466 569
4465864781,1153 1849 1120 1150 1136 1760 1851 1147 1115 1144
4465864915,487 507 543 524 540 461 498 1641 161 475
4465865102,828 835 934 1769 838 2123 379 1375 1895 1948
4465865137,2092 1091 1327 1326 1264 1423 2065 1330 685 219
4465865173,124 2291 439 2257 2038 440 1216 438 1840 2041
4465865248,925 2152 1768 1595 2302 1787 1341 1587 1222 285
4465865344,721 350 1472 1094 2165 727 1418 1489 1322 2390
4465865452,265 1400 1162 1963 660 1403 392 709 1590 121
4465865456,259 254 1413 1504 1318 194 30 1797 660 2355
4465865459,1887 1869 2370 2356 811 2357 2359 810 1890 1870
4465865545,1047 546 1189 1295 1194 2019 961 1201 1052 1666
4465865601,2371 1880 1896 1946 2363 2365 1773 1008 2370 2366
4465865654,792 772 796 794 802 775 781 759 779 784
4465865826,2044 1522 1783 2144 2260 182 2069 338 2071 1732
4465865837,796 750 775 787 756 788 759 753 792 768
4465865856,524 161 2199 461 2417 510 540 160 487 2171
4465865862,1127 1686 466 1494 1983 1249 1492 552 1148 41
4465866158,1971 295 1262 1662 876 1602 818 620 1502 1402
4465866338,2352 1306 1305 2157 113 1154 815 1304 1157 1302
4465866372,1761 759 1763 772 792 2095 760 2326 781 1811
4465866376,936 843 1880 1896 1946 841 2080 1588 822 1895
4465866401,1776 934 1875 379 1948 2085 932 1942 931 1933
4465866412,225 315 2111 510 2215 2110 1313 950 549 515
4465866740,1112 1133 511 482 479 470 1815 1150 614 1824
4465866934,1978 581 998 747 1444 1066 689 996 582 999
4465866959,49 1677 232 556 1672 1676 1671 2283 464 452
4465867128,176 2299 2305 1965 2298 1104 824 1563 1057 625
4465867375,802 759 772 762 792 796 764 775 781 1579
4465867452,1345 2190 1150 1119 1049 794 2282 1141 1760 370
4465867481,614 1539 982 1830 1013 316 1048 2190 581 111
4465867576,796 779 756 759 775 790 765 783 773 750
4465867602,1701 2218 2223 284 1270 1036 2243 2122 1103 1092
4465867733,792 772 781 794 802 759 763 757 769 775
4465867753,792 775 772 759 796 618 777 802 770 1754
4465867859,955 1688 857 2404 1751 892 222 369 1683 954
4465867960,29 1903 1650 1905 2138 666 2306 382 283 37
4465868062,1474 1416 379 707 730 2085 1771 835 1875 1273
4465868132,1998 2017 2016 1386 15 48 961 1128 2023 1782
4465868342,1504 303 1392 242 1838 845 1505 304 926 1918
4465868346,1722 1948 820 1875 1943 836 932 1888 1941 837
4465868355,1998 2011 2016 1128 2017 1849 2023 2008 48 1050
4465868374,2357 2273 985 1396 1628 1768 1614 355 200 1569
4465868440,1129 1119 1141 571 480 1117 482 490 466 1121
4465868669,796 775 779 756 750 759 790 2273 792 783
4465868729,866 257 654 1178 1174 305 40 624 1182 921
4465868930,600 624 622 2341 2030 866 1067 328 921 2344
4465869128,1705 1364 1363 2064 2290 1155 1628 1538 2254 2061
4465869357,1596 1531 1100 1594 690 2045 948 1270 2028 215
4465869511,1801 381 324 1517 351 2398 2396 1653 212 2045
4465869607,1776 937 1948 934 1474 833 1611 2392 286 936
4465869618,362 2126 365 1389 1108 1150 965 1050 1048 1110
4465869626,1134 1851 1144 1136 1850 1110 1119 1150 1153 405
4465869651,796 775 779 773 759 756 765 750 784 772
4465869652,2284 1034 614 2215 13 1035 2280 1291 915 1236
4465869700,792 759 781 772 802 762 775 751 794 796
4465869704,255 226 1059 1069 2259 1065 2026 1549 1406 126
4465869756,1965 877 1057 741 1103 1705 1036 1627 910 1565
4465869798,1115 1150 1758 778 362 1122 791 1818 1128 774
4465869937,1397 2056 2058 2057 2063 2089 1856 2130 688 2064
4465869959,174 172 2174 909 81 1376 1711 1988 2236 332
4465870129,330 192 1519 1798 2150 1402 339 1163 2247 2269
4465870146,1574 1559 910 1629 1560 1627 1841 1705 912 1561
4465870150,1662 2103 394 1270 2387 293 1971 1798 42 1502
4465870202,563 548 1200 451 551 448 19 461 539 1052
4465870327,1453 1756 2275 1757 1752 422 1760 1753 1839 1763
4465870361,1817 1281 1128 1115 1149 1120 1150 1132 1152 1144
4465870376,2153 315 1036 261 2086 1511 441 898 2053 1683
4465870448,1147 1760 1755 1761 1763 2009 52 785 1282 1136
4465870450,1047 1034 2007 68 2129 1035 1189 1262 1052 1558
4465870454,1776 1772 1870 935 1771 824 1896 932 1273 1875
4465870476,1047 1192 1643 2215 1184 1190 1673 510 546 542
4465870537,2299 176 1057 1574 1564 1563 2290 2298 2301 625
4465870558,773 1346 2000 1643 2284 2280 2024 1128 1047 1669
4465870594,1048 362 1049 2275 2190 1759 982 1150 189 2009
4465870739,1776 1772 822 828 1296 932 1882 934 1948 1474
4465870796,68 1034 2136 1123 2204 983 620 1035 2114 876
4465870807,2153 1924 315 878 1036 1061 217 1631 1561 2268
4465870836,548 172 649 451 1921 2273 485 463 1986 854
4465870870,886 1557 272 2128 2129 88 1262 620 1662 1532
4465870919,154 1270 1532 60 2244 1084 156 280 293 1402
4465871365,1035 620 1998 1160 2129 1340 1203 1093 1767 1346
4465871385,1047 1192 1643 359 954 1201 1313 546 471 1191
4465871464,614 2190 1539 982 521 1080 1640 892 528 1345
4465871488,800 109 755 753 756 779 1448 1464 337 1449
4465871565,1133 1129 1851 1136 1134 1116 398 427 571 1818
4465871601,1896 1612 1871 1880 2371 1770 930 1615 1901 1776
4465871639,536 572 228 1039 570 2197 359 225 2414 1313
4465871664,2290 1364 1155 1705 2060 1363 2186 705 2053 176
4465871676,254 1442 2288 1915 847 2065 1415 2401 1318 40
4465871740,124 1840 319 2034 1633 1216 2291 1397 1966 1843
4465871856,68 1767 2207 1591 1034 337 2114 1225 294 728
4465871870,1895 598 1375 2237 379 95 1939 144 2390 707
4465871913,2219 1854 2387 1072 60 2388 2229 2105 2251 324
4465871920,1675 465 537 550 1677 464 234 1670 520 1674
4465872035,869 2331 1827 336 426 1080 441 424 870 1683
4465872115,1372 1375 1895 379 2237 288 2364 1094 185 2123
4465872243,1260 1264 2386 59 2156 2382 1318 1368 1915 1266
4465872470,770 2126 596 775 783 363 769 618 1760 1389
4465872557,925 635 2299 377 1564 2305 2301 1765 176 2302
4465872629,359 295 1971 818 2414 1201 1191 1293 313 1038
4465872663,1776 936 824 822 844 1296 1772 1770 720 931
4465872818,1964 1104 1057 1965 312 1339 741 2051 1103 1340
4465872847,20 1967 2190 1388 771 761 527 1642 961 915
4465872853,2033 2046 2034 1974 2109 659 1087 2041 128 2206
4465872917,1270 2244 60 2207 154 2224 2227 862 2243 330
4465872952,1850 1134 1144 1851 1110 1848 1849 1152 1136 1119
4465873097,758 365 792 2126 618 1389 370 775 769 770
4465873281,1297 295 1665 1853 1097 2136 1095 877 2204 2232
4465873405,1373 809 2368 1895 1892 196 1956 839 1367 1900
4465873488,2299 2301 1057 1056 176 905 2201 1564 2305 2202
4465873505,2280 1782 1196 2274 2009 1346 2279 2019 1049 1188
4465873540,449 1129 486 571 1110 1148 1833 1121 633 1134
4465873598,2417 524 161 461 2171 1992 223 540 2199 556
4465873884,315 1199 894 1170 953 1526 306 786 1043 795
4465874390,2153 315 2110 1924 362 217 33 878 2111 939
4465874474,614 1080 1539 528 974 953 1013 362 1558 359
4465874480,379 1776 1880 1871 934 833 1875 807 819 1896
4465874709,1676 474 236 451 573 2197 228 515 461 536
4465874721,2305 1564 925 1565 2299 1339 314 1948 1036 176
4465874872,1035 1203 1469 1052 620 864 444 1093 477 13
4465874874,1293 1662 2387 394 2106 1502 2231 154 1037 886
4465874944,2153 315 2111 225 581 359 878 441 1048 582
4465875000,1126 528 1199 952 500 1339 954 1134 1113 1249
4465875081,2299 2305 1057 176 1965 1563 2301 2300 1103 2298
4465875160,1704 1775 843 1573 841 831 828 824 1935 1776
4465875200,723 511 1828 1824 489 798 521 1816 1863 1684
4465875273,318 2222 2225 2221 1852 2219 1854 1506 167 939
4465875461,1398 1693 98 685 242 926 382 1264 1736 2119
4465875554,187 576 383 2079 95 2392 2084 707 288 1871
4465875645,1035 1034 1511 2153 1583 1592 1591 2077 1512 620
4465875652,770 13 961 1120 618 450 1813 1132 963 48
4465875795,1346 546 2280 967 1049 526 1446 477 544 2282
4465875805,936 819 1776 930 821 931 932 1773 844 2371
4465876055,838 824 822 820 2079 2117 707 1695 2366 377
4465876077,773 618 770 1998 796 544 784 915 488 617
4465876197,1382 1384 1653 1419 1582 1586 1665 1854 339 102
4465876263,1561 1559 2111 912 225 1558 359 1633 315 983
4465876286,936 931 930 1775 1774 1938 2363 1878 932 1895
4465876348,2109 2041 2038 2206 438 2033 1778 2046 1974 278
4465876388,1262 295 1557 1971 272 886 876 2128 1662 651
4465876404,770 773 783 618 963 784 1119 1120 775 965
4465876467,2299 176 1056 905 1057 2301 1564 834 2305 2303
4465876628,1971 295 293 818 2415 2387 1262 1662 272 1602
4465876657,1375 1372 2123 834 934 843 2080 831 1775 733
4465876659,2103 1557 2128 85 156 1977 1072 281 886 916
4465876664,1892 2394 1612 2368 2078 2392 1649 1900 1880 1650
4465876715,1776 843 932 1436 884 1704 936 205 1933 1377
4465876770,614 337 982 316 1048 2190 340 1971 68 983
4465876781,2153 315 1929 361 1212 1928 356 345 582 68
4465876833,1087 2257 2038 2159 658 1779 285 2041 1702 1208
4465876922,1669 544 483 488 456 548 447 546 532 2198
4465877237,2056 2064 1510 2063 2057 2058 2061 1397 2060 1932
4465877247,935 937 1776 2356 840 1921 1901 934 1773 833
4465877298,796 750 775 759 779 772 2273 787 765 800
4465877400,2114 2129 958 371 620 886 1766 1225 2154 1035
4465877418,770 784 1813 769 775 792 450 762 783 723
4465877477,652 1657 651 650 1789 1055 649 648 1095 746
4465877521,735 1145 737 1245 1195 21 1116 1851 1285 1385
4465877730,19 13 20 1967 1000 1052 1245 1968 1047 2000
4465877793,1557 1971 1662 272 886 2103 1262 295 2128 1156
4465877854,1676 228 536 474 542 573 532 1670 457 570
4465877891,2073 1469 2275 1047 1048 1197 522 1150 1112 13
4465877895,1190 505 1093 1999 223 2170 544 1993 1188 1052
4465877928,229 536 1191 1668 1670 491 223 550 2194 1666
4465877974,833 937 1776 602 835 935 1942 822 829 821
4465878083,1039 537 2417 161 233 1038 524 459 2281 506
4465878102,1965 2303 2299 2305 1565 1563 652 243 2304 1381
4465878218,1346 546 1196 1241 1253 1049 618 1109 1255 1194
4465878255,409 396 1819 1866 1574 408 410 1011 403 1765
4465878482,225 362 1643 1683 1561 1831 1342 469 1359 408
4465878504,1262 1971 295 876 1557 272 1602 2128 886 6
4465878510,781 772 792 759 769 409 1492 775 1539 655
4465878636,1201 1191 228 570 525 1039 2332 2015 1666 1188
4465878686,2305 925 314 1564 2299 1565 1057 176 2301 2302
4465878739,1087 1768 2038 2206 1723 1702 2262 1779 2048 393
4465878854,898 1247 1277 2226 1289 1996 1186 1565 1103 1540
4465878866,2019 2020 2008 2010 2002 2023 2022 2016 2007 1052
4465878877,548 1200 532 546 474 539 463 503 231 2198
4465878895,1563 2299 176 1104 1057 1965 2305 1565 2301 1103
4465878901,2103 1954 1798 85 1160 2106 1662 1977 296 2142
4465879000,1650 269 661 2138 137 1736 8 1468 1442 1318
4465879011,1774 831 1776 1944 1588 1896 1892 1895 1296 1474
4465879085,2365 1871 837 1896 2367 1770 1374 1773 2359 1878
4465879164,1912 866 654 1182 277 246 583 2286 1181 624
4465879184,2219 2387 2231 293 1502 637 1971 394 1270 1293
4465879209,61 844 1776 1933 932 2123 1943 936 820 823
4465879259,796 775 784 772 764 759 1569 792 750 802
4465879285,1773 1616 1895 1880 832 2363 827 935 1870 2371
4465879508,1057 2299 2305 1056 828 186 2301 602 1036 1378
4465879600,1971 818 1262 295 272 1099 1662 876 1293 1072
4465879605,781 792 775 759 764 772 751 409 763 769
4465879615,833 1771 810 1938 1611 1772 1942 204 1891 1939
4465879879,1191 228 1676 570 542 515 525 1201 1039 536
4465879908,1512 334 344 164 2425 341 2150 1921 345 1919
4465880036,2363 1896 807 1704 379 830 2392 1871 1774 1873
4465880040,833 1776 1938 835 1474 706 1771 822 1273 936
4465880108,2000 2003 2022 2019 2002 2024 2020 2008 2012 2018
4465880218,544 483 1669 548 237 532 2195 231 503 546
4465880237,479 511 497 560 1137 571 975 1642 485 1643
4465880257,224 40 37 653 946 2341 253 352 1059 1858
4465880475,773 1093 1019 1998 245 1386 2196 2008 902 483
4465880487,1772 835 1776 1474 934 186 2123 1741 1937 1775
4465880614,1191 228 1039 1201 542 2414 1200 1676 1038 474
4465880892,1296 1776 932 1948 379 1474 832 1943 2085 1871
4465881036,1776 932 936 1942 1772 836 379 1891 930 2123
4465881082,18 13 15 19 1200 453 55 50 2195 1102
4465881120,225 2414 162 1038 1191 515 1039 2111 516 1201
4465881129,796 756 779 750 787 775 765 784 1569 801
4465881150,1538 2290 2060 1705 2254 256 1155 1364 2289 1216
4465881176,1338 550 735 2194 1245 468 2276 2279 1045 2192
4465881313,206 1811 1819 399 1820 397 1827 2330 762 405
4465881328,831 1704 819 823 844 843 1774 824 934 1770
4465881417,1849 1140 1119 1851 569 1110 571 1138 1120 1850
4465881804,1275 524 950 952 487 528 473 1492 558 1126
4465881831,1574 2187 1610 625 1628 1627 1559 2053 912 1633
4465882043,1384 1382 1652 240 874 1583 1585 1586 1383 1653
4465882152,1586 1520 1618 1518 1230 2388 1519 1257 1258 302
4465882333,544 1669 474 532 1670 237 557 548 546 573
4465882360,2129 620 886 2114 89 1156 1035 88 1662 1532
4465882751,1063 1064 319 1695 249 1206 320 1066 1069 2030
4465882841,1965 1565 276 2215 906 877 1711 289 742 1472
4465882915,796 750 775 756 773 488 790 768 1569 618
4465882954,488 447 497 538 755 479 723 562 2275 455
4465882999,2284 2414 1191 1049 2280 225 515 542 2003 2008
4465883025,1654 1788 1154 2189 445 2426 1159 2179 2144 182
4465883156,796 1569 2273 787 906 750 773 985 902 756
4465883294,1264 1909 2025 72 647 1403 382 1265 2065 74
4465883323,442 28 441 813 1567 361 740 2423 1570 1440
4465883410,1757 1756 427 1823 1754 1458 1826 1017 1753 1456
4465883456,415 1458 1756 1761 206 399 1763 1757 1819 1820
4465883491,1281 1851 1849 778 1136 1144 1128 46 1282 1133
4465883534,773 618 1386 1998 770 796 544 1194 783 1388
4465883637,2391 1695 1594 2205 199 707 185 2079 61 1596
4465883704,382 59 1334 1264 2025 1443 1879 1909 76 1703
4465883737,1448 986 1826 590 2192 419 753 1287 173 1222
4465883998,796 750 787 775 1569 762 2273 109 800 768
4465884078,2126 2274 1108 110 1348 1540 370 785 769 363
4465884082,2262 1974 1779 1087 658 2034 1835 1768 2048 2033
4465884297,19 973 15 453 1128 1285 1389 1762 14 1388
4465884447,773 618 801 1998 2023 1386 1019 796 1446 45
4465884461,1145 1677 1851 973 1133 1291 1672 1130 550 1050
4465884994,1666 21 13 1670 1201 16 961 367 1145 2281
4465885039,542 572 1673 1039 2200 1676 474 1201 1038 536
4465885078,796 775 773 750 784 790 617 772 783 618
4465885089,43 578 1953 63 44 70 117 1495 1263 1795
4465885093,2280 2284 1295 1346 2000 1049 1047 1201 1670 1669
4465885365,2273 796 656 775 199 768 906 1560 652 1388
4465885399,1458 1456 1860 414 109 1464 427 1757 756 1763
4465885445,557 571 1291 553 450 968 2195 967 461 1118
4465885614,796 775 792 784 750 772 769 764 759 751
4465885772,795 581 1539 184 366 363 1348 111 2126 1080
4465885850,2192 1116 1826 1819 1248 1446 1999 1763 737 313
4465885862,1896 2363 1774 2370 812 1880 1944 1875 1946 1699
4465885883,1386 1998 773 1108 1253 627 961 783 1782 2274
4465886371,1201 1191 228 359 570 572 225 536 1188 2414
4465886375,2344 993 747 999 996 920 989 2341 2337 2030
4465886411,24 961 1359 976 1246 2331 1278 633 1744 1866
4465886418,1278 188 1282 46 961 1253 1115 420 2274 19
4465886773,2159 2257 413 1477 634 2291 1779 1778 1725 1768
4465886871,618 770 773 1566 796 617 1669 488 495 801
4465886994,1666 1200 229 1201 228 1670 474 1191 453 465
4465887002,571 566 511 531 508 450 2042 486 975 1812
4465887012,1364 1155 176 2298 1705 705 1636 1627 435 1363
4465887140,356 1930 355 817 1929 2273 441 1928 729 1441
4465887304,2406 2088 1181 283 738 654 29 2341 1460 866
4465887431,1977 2104 1072 1505 281 262 1297 195 1665 155
4465887442,705 1514 1207 1529 1986 2228 1432 1856 1076 1712
4465887489,1896 824 1416 379 1871 828 844 1880 2363 1743
4465887521,773 796 245 1998 1190 1386 1093 488 1346 544
4465887538,20 17 447 544 961 962 546 973 1000 548
4465887652,1540 581 582 1978 110 785 992 362 315 1108
4465887749,969 973 975 450 967 1671 968 567 964 500
4465887862,1416 144 598 95 2080 1375 1936 2123 733 730
4465887881,838 822 820 936 707 2185 827 1895 837 1776
4465887921,796 775 750 784 1569 773 759 787 802 800
4465887959,1948 598 2085 379 1941 1875 824 1939 2364 1775
4465888003,2153 2268 253 315 582 1293 1172 217 1001 620
4465888030,1189 2000 961 2003 1295 1291 1047 2280 1049 1346
4465888069,2424 268 1785 1984 1586 1515 2134 43 1784 211
4465888163,1136 1144 1851 1134 1133 1110 1671 1113 1149 1809
4465888228,1259 339 2150 1257 164 345 1586 2247 2151 1384
4465888336,833 1776 1771 932 835 379 1474 1942 1772 602
4465888357,1768 346 425 345 341 1087 1477 2041 338 431
4465888409,1768 1087 393 2257 985 285 1864 2206 1361 1339
4465888423,1149 1133 1850 1128 1851 1110 1152 1248 1245 1134
4465888754,937 1776 935 932 936 1612 1773 1772 934 379
4465888902,1871 1896 807 1933 1770 2363 2360 1880 1775 827
4465888961,796 787 750 762 1569 775 2273 800 790 784
4465889365,442 441 28 1928 1567 1440 2337 2423 1978 740
4465889368,835 186 598 932 602 1474 95 2165 707 834
4465889699,1585 2413 1583 103 1652 1258 1584 1617 1383 102
4465889897,1374 819 1896 837 809 732 820 1895 1880 2365
4465889924,1327 1091 1264 2090 626 59 1265 1330 2065 1746
4465889940,819 843 1775 935 2123 832 1776 934 831 1377
4465890220,1359 2331 24 455 596 1278 1361 656 1125 416
4465890253,1115 1831 1816 489 1147 1391 1122 189 1578 997
4465890442,550 520 1670 21 237 555 532 1291 1294 546
4465890586,875 885 1766 444 2136 876 1657 2154 2253 87
4465890587,1294 452 1050 973 1052 1666 1675 1999 465 1670
4465890625,1051 1671 1668 1667 570 1295 491 1670 1643 575
4465890641,1051 1191 570 492 1666 1201 228 47 536 1295
4465890823,2418 1389 735 761 369 1201 19 1999 2042 737
4465891399,1965 1103 1057 2305 2300 176 2299 1565 1339 316
4465891510,618 770 1194 1386 546 1566 773 1256 1669 455
4465891590,1526 1212 1522 1524 1211 1528 2067 1527 1525 1209
4465891591,176 2299 2298 1972 1057 147 1155 1565 1564 1965
4465891616,38 1496 291 660 1549 2393 1415 1556 289 1406
4465891641,2276 1999 1338 2196 1563 505 569 2198 468 312
4465891649,544 551 483 1669 1189 566 1338 548 546 312
4465891686,359 2215 317 225 614 2414 1184 1201 1558 1047
4465891700,2276 1999 773 2196 1670 1669 2192 550 1386 964
4465891701,586 1102 1748 371 1752 1017 1747 2129 627 886
4465891751,1045 1050 1108 1044 2009 2017 2015 778 1998 313
4465891975,2090 1091 1330 1264 292 263 1324 1694 98 2091
4465892228,1670 550 229 1675 233 464 465 517 2196 1666
4465892294,233 229 465 1670 533 517 464 537 467 492
4465892303,896 478 1863 894 528 953 1171 521 1644 1275
4465892450,939 2189 703 701 1788 1154 1304 1654 217 113
4465892653,109 369 1463 222 1757 2418 1017 779 1860 1753
4465892660,1047 1295 228 1051 1201 570 1191 1189 1241 1194
4465892676,673 1681 566 539 561 1242 571 551 369 487
4465892703,1480 1422 2026 39 1059 2052 599 2264 1479 1428
4465892896,1965 1563 1104 176 2051 910 1103 2299 1057 1565
4465893063,2249 2426 116 1654 1584 701 1787 815 346 1583
4465893067,128 2041 1087 1768 2038 2034 2037 2353 123 2257
4465893105,2273 750 787 796 772 245 411 788 1569 652
4465893294,1091 2092 308 75 1264 1746 59 2382 1325 1330
4465893357,1050 973 2194 450 1045 969 1671 1283 961 553
4465893547,176 2299 2118 924 1965 945 2305 163 1097 2261
4465893572,545 1050 1045 1668 468 973 569 2276 46 464
4465893648,2332 1201 1203 2004 2051 1186 2074 1093 1993 1052
4465893649,359 1189 317 1184 614 161 1047 540 473 528
4465893691,1050 1045 1044 1194 973 1188 2281 1051 2280 1295
4465893704,1294 452 1997 1670 1666 474 465 1200 1202 550
4465893897,773 618 770 617 775 796 801 784 780 792
4465894174,1388 19 1256 1389 1386 453 1194 16 961 15
4465894249,1678 1459 1756 1759 747 1816 804 1453 990 1348
4465894410,651 2253 876 2129 875 1156 1657 2154 958 922
4465894494,1862 1081 368 1812 1690 869 892 951 1867 1826
4465894518,1540 582 110 992 2126 785 1108 581 2009 362
4465894622,1045 1044 1667 1050 2017 1294 1128 484 1349 232
4465894655,2111 1038 225 359 1039 228 2110 1201 223 162
4465894664,1203 2129 1201 2074 1191 1766 620 1999 190 272
4465894673,1050 1291 973 2194 1677 967 1668 2005 464 567
4465894715,47 49 215 459 502 1235 2417 1993 534 525
4465894720,177 1993 1994 2170 1992 215 2417 502 223 1995
4465894817,355 2273 906 356 2419 908 985 1702 357 1441
4465895055,356 817 1441 315 2216 1013 1928 906 614 1014
4465895204,46 1849 51 1850 49 1128 48 1285 1248 45
4465895287,618 770 773 1108 365 1446 796 784 1109 1343
4465895341,976 1125 1126 1113 1119 528 527 1121 559 485
4465895492,1063 1064 319 320 2298 1647 176 1437 599 1538
4465895509,2417 47 1039 2010 2008 459 2022 2171 1235 515
4465895562,1194 1782 1998 1386 2023 1253 773 1389 2012 961
4465895563,673 627 2418 540 566 487 369 551 427 539
4465895583,245 773 902 1093 1194 244 1019 1995 1386 2051
4465895588,1364 2186 1735 2300 2298 2223 1036 1404 165 619
4465895640,773 618 617 1998 1566 544 770 783 2196 915
4465895651,2153 337 315 582 581 441 1512 346 361 359
4465895676,1666 1201 1191 50 1200 570 1052 2019 2281 2023
4465895736,16 19 1354 1278 13 548 1762 17 527 1340
4465895737,1201 516 1191 162 1295 228 492 1038 1039 525
4465895752,773 1998 796 245 1386 770 618 488 544 627
4465895776,1120 1114 633 596 1755 1281 17 1359 1813 769
4465896145,1282 1281 46 14 774 1120 1283 1250 1285 2407
4465896196,375 1106 628 1434 721 943 1180 251 948 1094
4465896335,486 1116 449 454 566 1972 1812 1642 737 1493
4465896417,2274 1144 1136 1129 1121 1134 1133 1131 1458 1446
4465896446,762 788 781 772 1686 1462 655 766 754 795
4465896488,47 215 2008 2010 58 459 534 1235 2417 502
4465896634,1051 570 1666 1191 1668 491 492 367 237 1188
4465896649,2215 1313 2199 1295 1643 1201 510 1673 2200 160
4465896661,618 770 2126 617 365 784 773 1348 363 915
4465896673,1994 2417 177 161 1993 1992 2170 223 524 502
4465896676,673 1201 1107 955 1255 369 2199 1195 371 398
4465896726,586 2128 886 1102 371 272 1108 87 958 1752
4465896909,935 822 844 837 936 1776 1772 937 932 819
4465896997,815 164 1654 2426 2249 2425 2189 701 1788 1990
4465897164,176 729 1364 2299 2298 1245 2305 355 828 829
4465897198,1194 546 1389 19 544 483 450 1388 1052 2195
4465897543,2017 2015 2022 2011 2023 2016 1052 2005 2014 1194
4465897574,1050 1045 55 2017 1668 545 1051 1052 1194 2194
4465897587,245 2051 1093 1340 773 244 719 50 312 902
4465897630,2298 2299 1057 176 2305 1364 2186 625 1103 1965
4465897656,2304 649 243 2215 877 1559 1965 1640 2418 276
4465897747,1671 1050 1667 1145 1291 2281 1677 484 1051 575
4465898560,2051 314 1965 312 245 50 1103 719 1339 1340
4465898596,371 586 2192 1017 2129 585 1752 587 89 1385
4465898600,319 1695 2391 2117 82 80 101 83 1966 199
4465898661,176 1057 2305 1103 1965 1565 2301 925 1563 2299
4465898678,1052 2019 1993 1051 2020 2022 1194 1203 452 1047
4465898738,13 964 494 452 19 961 1666 565 18 16
4465898913,1166 1167 120 1169 1168 1420 1006 1570 132 95
4465899311,773 618 770 775 617 1108 965 784 1386 1389
4465899357,2305 2300 1965 1103 1057 1036 2298 1565 1765 1339
4465899400,618 1566 1752 2126 773 770 627 1253 1343 1389
4465899415,2020 2019 2022 1052 2002 2017 2010 2008 2021 2003
4465899466,1052 2024 2000 2011 1194 2016 2008 2277 2195 231
4465899493,13 452 55 46 50 2283 19 1285 964 961
4465899523,792 781 997 596 618 802 772 770 1141 751
4465899577,1759 1015 1839 1756 1816 369 364 760 1464 109
4465899615,369 1752 1241 804 2072 1350 1753 627 23 586
4465899619,109 1860 369 1463 1464 1018 800 804 1458 1287
4465899850,2196 233 550 231 464 229 237 567 227 556
4465899925,19 13 2196 465 452 50 450 464 14 1762
4465900147,2357 2273 1614 1768 2358 1396 1923 416 1929 1569
4465900230,2022 2002 2005 1670 1051 1668 1291 2020 2000 1200
4465900244,2273 906 355 908 796 750 1569 787 1437 753
4465900521,1685 2320 407 397 657 1864 430 1170 206 1983
4465900745,1965 1103 1565 1057 2305 910 176 2051 898 1563
4465900837,1725 278 1576 1702 413 1714 2257 2159 2325 634
4465901378,773 770 1119 796 1998 775 783 1190 544 784
4465901494,781 2126 365 775 1129 1134 769 792 1113 1184
4465901626,723 1828 1759 1816 890 1449 793 802 1463 1464
4465901697,237 229 533 536 236 21 555 1670 461 233
4465901722,1965 1103 176 1705 910 1057 1565 2305 1563 741
4465901874,2331 1359 1361 1339 24 657 723 2126 1278 1802
4465902520,1212 1209 1525 1522 1510 1527 1521 2056 1526 1210
4465902576,416 2321 415 420 2324 432 24 1578 1569 433
4465902654,2298 1103 2305 1036 705 1057 176 1364 2186 619
4465902704,939 703 2189 1154 217 1654 701 2249 644 857
4465902767,1500 977 1244 330 1521 579 1834 1104 1738 129
4465903377,1879 2239 2025 1455 390 1367 1907 944 1422 2381
4465903547,900 1339 795 559 1359 336 2331 719 758 24
4465903708,875 444 879 1766 1657 309 294 922 87 1955
4465903714,1566 618 915 617 1108 1047 770 1386 1469 723
4465903823,1702 1835 658 1778 1777 2048 2046 1974 278 913
4465904539,903 900 148 899 147 902 1339 910 1559 2051
4465904687,326 38 40 329 1030 253 254 1261 1175 653
4465905471,267 872 151 871 1653 873 1801 266 322 1232
4465905714,1384 1652 1382 1984 1586 240 1583 1916 1259 2247
4465905791,1167 1168 1166 120 1570 805 1006 1420 806 2423
4465905797,880 1834 678 2169 677 1495 956 1624 1467 663
4465906452,1247 1289 1277 737 1245 736 1288 735 1290 635
4465906534,196 2178 926 722 1508 1319 2295 2091 2075 1503
4465906627,112 1983 795 788 403 559 1141 41 416 1125
4465906705,2189 939 703 1154 1785 1654 217 1794 878 113
4465906778,1031 1214 1621 1486 2118 1859 251 2269 2272 248
4465907311,224 1622 253 2268 1646 1172 1089 1620 217 62
4465907404,1064 320 1069 249 1634 1059 319 747 2172 1978
4465907626,373 612 2075 2403 2135 1328 846 1320 1697 1739
4465907695,1384 1382 1583 1652 1586 874 1899 1229 1585 1984
4465908418,147 148 903 899 2299 551 176 1104 1965 199
4465908471,2210 1795 2352 197 1157 117 106 663 678 613
4465908500,903 147 910 899 148 1965 176 900 2299 1339
4465908550,1336 274 69 117 2211 687 1157 2383 2393 291
4465908623,112 788 1983 795 108 411 787 559 1686 1141
4465908720,1586 1384 1652 240 1584 2424 1382 1518 268 2247
4465909359,176 2299 1965 1103 2305 1563 243 2302 1057 2298
4465909483,1382 1586 302 1384 240 2388 949 1229 1205 1518
4465909580,1464 1463 1453 369 2321 1458 1860 401 1865 1014
4465909811,1297 2204 1505 818 1557 2314 1502 86 2218 1100
4465909851,1915 2401 926 845 1398 1736 1368 2091 1334 1503
4847334709,43 2134 1916 2104 1979 84 2132 2163 1918 242
4847334733,1918 663 956 62 64 274 43 687 1796 682
4847334743,2055 913 1276 1025 1576 1717 319 1725 2406 29
4847334828,663 1316 578 612 143 956 639 603 2193 1696
4847335314,1780 2262 2261 1702 2159 304 1778 674 436 2041
4847336701,1984 70 268 2054 1980 883 302 300 1230 1979
4847336718,923 257 64 171 941 1379 143 1095 1918 1486
4847336735,1796 274 1797 1624 1106 62 639 682 375 1696
4847336741,977 1619 2285 1500 123 589 1395 1486 1159 2353
4847336754,2125 578 143 612 1624 1508 1745 672 1697 62
4847338798,2271 138 193 1908 708 202 1297 2175 2334 274
4847340677,1586 1518 1520 1382 302 1230 1519 1618 665 1231
4847340678,1468 589 1491 137 1208 592 594 269 1268 744
4847340679,302 1226 240 268 2054 2424 70 168 1586 1980
4847340681,2067 2068 1591 985 346 2107 342 208 338 1627
4847340692,1463 1491 109 1360 112 2145 1366 1830 110 221
4847340713,2125 1795 578 726 603 612 1213 928 1697 1328
4847340714,626 1333 2065 1310 1327 641 1267 1804 1264 2161
4847340968,1779 1087 2257 1768 2041 658 1778 393 285 1216
4847341268,2041 2038 129 658 2257 1216 2291 1477 1779 1466
4847342630,1382 1384 1586 1583 1518 240 1584 1259 1585 1652
4847342642,196 2075 640 612 1738 2135 145 1744 143 603
4847342651,1091 2090 1330 1327 292 373 1915 1161 1414 75
4847342654,1738 62 2125 846 2295 1918 1744 612 143 726
4847342656,1525 1522 1528 1527 1526 1212 1209 2064 1577 895
4847342665,1261 2188 1433 1076 277 1032 615 66 100 258
4847342704,330 242 1649 638 2426 90 1619 2248 1787 2149
4847344583,182 2067 1526 2068 164 1528 1212 1527 1515 1525
4847344597,2040 2036 2038 2037 1087 351 2257 659 1466 2261
4847344606,101 305 2287 2406 40 653 328 38 258 2288
4847344607,143 373 2075 712 1918 62 612 2403 2125 613
4847344609,224 1928 1002 1477 1064 1069 1036 2419 1177 1061
4847344632,804 109 370 1017 1048 369 364 68 1433 1757
4847344675,239 1621 1624 1548 149 1433 949 1382 1509 671
4847344746,2424 240 2177 2209 1586 302 43 1515 2054 70
4847346558,175 1404 1257 1519 1520 1419 345 1618 1234 1734
4847346582,1025 1064 1966 389 1717 1725 360 319 1858 1488
4847346720,2424 1586 43 268 1515 1055 1984 1518 2134 1384
4847348538,143 2125 1738 612 2075 264 1744 62 926 578
4847348539,1697 1797 956 1270 394 1071 608 2125 280 295
4847348547,187 2079 95 1937 1945 287 834 286 2158 383
4847348548,1005 2256 946 1089 947 1516 2404 711 139 224
4847348588,2393 1549 2271 1556 1621 1622 1415 615 1433 2204
4847348629,1508 1329 2099 94 304 145 2135 1333 714 134
4847348641,132 1266 308 292 1430 1691 1265 98 2050 1913
4847348654,1075 1030 1551 100 1214 1076 1261 1032 1429 326
4847348666,2177 2393 1300 1737 880 980 211 1302 2119 687
4847350462,1735 2069 2067 22 1731 1768 345 346 1512 285
4847350463,2134 2424 43 1495 1231 240 1055 1518 2209 1384
4847350476,2125 143 578 1918 2175 1638 671 2075 64 62
4847350497,62 2351 106 1549 1624 1795 274 1508 2210 682
4847352405,2424 302 2177 240 2209 299 2054 1495 1226 168
4847352407,1984 302 1618 883 268 240 2424 266 1230 1229
4847352416,1752 588 975 1256 369 2194 586 1713 1621 253
4847352418,1918 2241 630 1598 43 266 1916 2132 1801 1504
4847352560,641 2160 1091 714 1333 606 1637 1327 1330 626
4847352563,671 1622 1433 2271 1549 62 321 1918 1737 677
4847353050,946 1646 224 643 1089 1261 947 644 857 66
